{"A":{"0":0.0536054462,"1":-0.4573943862,"2":-0.3983940354,"3":0.8942055811,"4":0.0677616665,"5":-0.3508353229,"6":1.1349613831,"7":0.2207196068,"8":0.2819936392,"9":-1.6172344844},"B":{"0":-1.1372981303,"1":1.3478767582,"2":-0.4955494284,"3":-0.7708039547,"4":-0.6882633215,"5":0.135339466,"6":0.6400508236,"7":-0.5435367156,"8":-0.8333094565,"9":-1.2317383552},"C":{"0":1.0044892657,"1":-0.4437601579,"2":-0.0313560939,"3":-0.0330841785,"4":0.1953012533,"5":0.9446315585,"6":0.4218920941,"7":0.9523380673,"8":1.991691392,"9":-1.2470047717},"D":{"0":-0.1188282196,"1":-0.5125309448,"2":-0.061928271,"3":-0.645492804,"4":-0.5016171162,"5":-1.0195438111,"6":0.2085436688,"7":1.0619066836,"8":-0.0807856142,"9":-0.5551052107},"E":{"0":-1.3627355062,"1":-1.0203686676,"2":1.119282037,"3":0.7402756835,"4":-0.8483039576,"5":-0.7796285165,"6":0.092137937,"7":-0.3186052163,"8":-0.3996032619,"9":0.9346667319}}